Automotive,Jacks & Jack Stands,"Lifts, Cranes & Stands",Winches,Impact Wrenches,Diagnostic Testing & Scanning,Trailers & Towing,Cargo & Tie Downs,Ramps,Truck Bed Accessories,Motorcycle & ATV,Battery Tools & Accessories,Auto Shop Tools,Auto Body & Trim,Automotive Accessories,Lubricants & Adhesives,Auto Care & Detailing,
Generators & Engines,Generators & Engines,Portable Power Station,Engines,Generator Accessories,Electric Motors,,,,,,,,,,,,
Tool Storage & Organization,U.S. General Tool Storage,Icon Tool Storage,Yukon Tool Storage,Tool Storage,Workbenches,Shelving & Cabinets,"Tool Boxes, Bags & Belts",Parts Storage,,,,,,,,,
Welding,Welders,Welding Consumables,Welding Accessories & Tools,Welding Protective Gear,Cutting,Soldering & Plastic Welding,,,,,,,,,,,
Power Tools,Drills & Drivers,Batteries & Chargers,Drill & Driver Bits,Power Saws,Power Saw Blades,Grinders,Sanders,"Sanding Discs, Belts & Sheets",Polishers & Buffers,Rotary & Oscillating Tools,Demo Hammers,"Mixers, Compactors & Backhoe",Vacuums & Blowers,Joiners & Planers,"Heat Guns, Knives & Seamers","Routers, Cutout Tools & Lathes",Grinding & Cutting Wheels
Air Tools & Compressors,Air Compressors & Tanks,Air Compressor Accessories,Air Nailers & Staplers,Pneumatic Fasteners,Air Tools,Air Ratchets & Impact Wrenches,Air Spray Guns,,,,,,,,,,
Hand Tools,Sockets & Ratchets,Tool Sets,Wrenches,Screwdrivers & Nutdrivers,Pliers,Specialty Hand Tools,Clamps & Vises,Fastening Tools,Hammers & Pry Bars,Measuring & Marking,"Planes, Sanders & Files","Chisels, Punches & Stamps",Knives & Axes,Saws & Cutting Tools,,,
Lawn & Garden,Gardening & Garden Tools,Outdoor Power Tools,Outdoor Living,Tarps,Pumps,"Portable Garages, Sheds, and Canopies",,,,,,,,,,,
Lighting,Flashlights,Work Lights,Security Lights,Outdoor Lighting,Automotive Lighting,Indoor Lighting,,,,,,,,,,,
Safety,Gloves,Masks & Respirators,Vision Protection,Hearing Protection,Knee Pads & Supports,Emergency & Safety,Safety Apparel & Rain Gear,,,,,,,,,,
Electrical,Extension Cords & Power Strips,Electrician's Tools,Generators,Electric Motors,"Tool Boxes, Bags & Belts",Electronics,,,,,,,,,,,
Material Handling,"Hand Trucks, Carts & Dollies",Moving Supplies,Tires & Casters,Ladders & Scaffolds,"Ropes, Chains & Hoists",Glues & Tapes,Tarps,Workbenches,Shelving & Cabinets,Parts Storage,,,,,,,
Plumbing,Drain Cleaners & Augers,Plumbing Tools,Pumps,,,,,,,,,,,,,,
Painting,Paint Sprayers,"Paints, Sealants & Adhesives",Paint Brushes & Rollers,Painting Supplies,Ladders & Scaffolds,Vacuums & Blowers,Measuring & Marking,Tarps,,,,,,,,,
Home & Security,Electrical,Security & Safes,Household & Kitchen,Cleaning,Moving,Hobby Tools,Electronics,Toys & Hobbies,,,,,,,,,
Building & Construction,"Mixers, Compactors & Backhoe","Masonry, Tile & Stone",Measuring & Marking,Generators,Worksite Lighting & Power,Demo Hammers,Vacuums & Blowers,Pumps,Ladders & Scaffolds,,,,,,,,
Hardware,Nuts & Bolts,Screws,Washers,Anchors & Toggle Bolts,"Pins, Clips & Clamps",Hooks & Clips,Rivets,O-Rings & Grommets,Hinges & Latches,Swivels & Rings,Springs,"Wire, Wire Rope & Fittings",Magnets,Cable Ties,Nails & Staples,Dowels & Biscuits,